Datetime,"Leroy Musigny Grand Cru, Cote de Nuits","Leroy Domaine d'Auvenay Chevalier-Montrachet Grand Cru, Cote de Beaune","Leroy Domaine d'Auvenay Criots-Batard-Montrachet Grand Cru, Cote de Beaune","Leroy Chambertin Grand Cru, Cote de Nuits","Leroy Domaine d'Auvenay Mazis-Chambertin Grand Cru, Cote de Nuits","Leroy Domaine d'Auvenay Les Bonnes-Mares Grand Cru, Cote de Nuits","Leroy Corton-Charlemagne Grand Cru, Cote de Beaune","Domaine de la Romanee-Conti Montrachet Grand Cru, Cote de Beaune","Leroy Richebourg Grand Cru, Cote de Nuits","Leroy Romanee-Saint-Vivant Grand Cru, Cote de Nuits","Leroy Domaine d'Auvenay Meursault Chaumes des Perrieres, Cote de Beaune","Leroy Domaine d'Auvenay Meursault, Cote de Beaune","Leroy Domaine d'Auvenay Puligny-Montrachet en La Richarde, Cote de Beaune","Leroy Clos de la Roche Grand Cru, Cote de Nuits","Leroy Domaine d'Auvenay Les Folatieres, Puligny-Montrachet Premier Cru","Leroy Corton-Renardes Grand Cru, Cote de Beaune","Leroy Aux Brulees, Vosne-Romanee Premier Cru","Leroy Domaine d'Auvenay Meursault Les Narvaux, Cote de Beaune","Leroy Chambolle-Musigny Les Fremieres, Cote de Nuits","Leroy Clos de Vougeot Grand Cru, Cote de Nuits","Leroy Latricieres-Chambertin Grand Cru, Cote de Nuits","Leroy Les Charmes, Chambolle-Musigny Premier Cru","Leroy Les Combottes, Gevrey-Chambertin Premier Cru","Leroy Domaine d'Auvenay Auxey-Duresses Les Clous, Cote de Beaune"
01-2015,5218.56,1692.71,1763.68,3260.09,1484.33,1306.15,1351.45,4433.36,2206.11,1905.62,486.22,453.00,687.05,1654.96,646.28,1176.29,844.09,511.89,478.67,1206.49,1419.40,768.59,744.43,386.56
02-2015,5065.06,1866.48,1909.60,3277.12,1495.34,1353.66,1406.02,4404.40,2229.92,1900.36,483.56,441.98,683.76,1726.34,639.10,1176.56,796.18,529.76,502.04,1204.28,1513.82,770.00,794.64,386.62
03-2015,5219.96,2104.56,1944.72,3352.20,1536.21,1462.24,1315.72,4404.48,2280.68,1894.40,469.16,426.24,664.52,1644.28,631.96,1141.08,845.08,562.40,466.20,1241.72,1796.28,750.36,781.44,401.08
04-2015,5011.69,2076.25,1854.28,3447.33,1491.88,1432.99,1371.08,4392.59,2296.71,1955.45,469.91,433.37,628.16,1688.18,632.69,1115.89,859.19,539.07,459.04,1232.16,1793.39,766.53,732.35,385.62
05-2015,5070.42,2253.69,2181.78,3291.03,1514.70,1676.88,1369.35,4386.51,2314.89,1961.46,488.07,436.05,670.14,1742.67,618.12,1084.77,896.19,561.51,495.72,1230.12,1522.35,758.31,806.31,420.75
06-2015,4992.40,2527.70,2138.34,3182.39,1588.84,1612.39,1362.76,4505.90,2314.89,1934.24,496.12,489.84,660.97,1745.84,629.57,1064.46,896.58,598.17,472.57,1219.89,1532.22,756.60,769.30,419.19
07-2015,4664.40,2425.80,2233.92,3291.60,1605.24,1658.28,1306.32,4516.20,2317.32,1995.24,340.08,457.08,661.44,1761.24,630.24,1071.72,871.35,567.84,450.84,1255.80,1796.04,766.92,753.48,390.00
08-2015,4464.46,2519.44,2253.02,3409.56,1658.58,1800.26,1379.84,4467.54,2380.56,1946.56,349.58,485.10,676.06,1841.84,631.40,1085.70,837.72,597.72,465.08,1222.76,1564.64,776.72,760.76,405.02
09-2015,4778.88,2517.12,2280.00,3347.04,1749.52,2102.16,1424.24,4452.05,2403.94,2006.40,351.12,483.36,699.20,1816.40,652.08,1089.84,831.60,630.80,468.16,1225.12,1562.56,764.12,772.16,433.20
10-2015,4946.05,2743.50,2462.95,3441.00,1799.55,2002.60,1494.20,4522.90,2445.68,2142.10,353.40,500.65,717.65,1872.40,683.55,1162.50,916.56,672.70,489.80,1266.35,1782.50,764.56,813.75,440.20
11-2015,4973.44,2717.76,2327.12,3389.60,1805.76,1966.88,1568.64,4433.84,2517.20,2135.60,334.40,495.52,715.92,1855.92,650.56,1129.36,891.25,665.76,498.56,1261.60,1702.48,793.50,769.48,468.16
12-2015,4935.00,2695.50,2355.00,3480.00,1780.50,2013.00,1662.00,4401.00,2579.44,2248.50,339.00,511.50,730.50,1903.50,699.00,1128.00,817.76,645.00,481.50,1285.50,1838.50,815.08,847.50,499.50
01-2016,5042.42,2662.50,2394.12,3382.44,1905.64,1885.76,1696.90,4352.30,2508.00,2332.12,708.58,519.72,730.50,1851.68,680.18,1497.06,871.50,621.96,528.24,1256.70,1777.84,793.15,923.00,484.22
02-2016,5038.75,2612.90,2379.45,3298.75,1903.85,1982.15,1568.90,4322.45,2473.64,2238.80,730.80,546.65,717.10,1811.05,688.75,1149.85,904.54,600.30,495.90,1271.65,1734.20,800.64,925.10,484.30
03-2016,5395.68,2662.56,2240.64,3581.25,1991.52,2086.56,1596.96,4410.72,2414.25,2344.32,623.52,531.36,732.25,1869.12,720.00,1219.68,973.95,655.20,472.32,1303.20,1810.08,807.95,972.00,518.40
04-2016,5282.43,3038.75,2608.32,3650.79,2445.30,2471.04,1724.58,4457.31,2563.20,2370.94,632.05,534.82,748.80,1916.20,773.63,1301.30,960.48,682.11,491.92,1319.89,1784.64,785.07,943.80,521.95
05-2016,4810.52,2668.38,2422.42,3746.60,1944.80,2285.14,1653.08,4385.81,2589.73,2275.13,607.75,551.98,858.00,1871.87,710.71,1288.43,899.47,626.34,469.04,1345.63,1766.05,803.72,859.43,506.22
06-2016,5607.58,2706.52,2622.74,4076.82,2507.72,2598.60,1749.44,4420.46,2584.01,2365.72,607.76,542.44,785.07,2007.88,756.86,1439.88,866.58,721.36,498.42,1401.06,1949.66,789.93,874.72,532.50
07-2016,5516.41,2656.68,2436.60,3713.85,2119.58,2414.33,1744.92,4509.02,2848.52,2299.05,619.63,558.06,820.76,1976.79,749.32,1472.44,891.76,734.91,478.15,1391.22,1909.98,843.66,902.56,527.93
08-2016,5873.37,2755.44,2174.94,3663.60,2788.98,2619.99,1639.59,4570.47,3050.99,2193.00,501.81,597.27,822.68,5054.97,752.07,1444.80,859.36,736.56,521.16,1381.59,2002.08,808.64,879.75,503.10
09-2016,6679.26,2679.95,2066.82,3460.66,2489.76,2536.31,1638.56,4720.17,2959.26,2272.97,504.07,598.50,737.88,2025.59,763.42,1469.65,861.72,759.43,532.00,1393.84,2046.87,827.16,925.65,504.07
10-2016,6283.00,2470.50,2031.30,3439.18,2687.66,2488.80,1987.38,4728.72,2922.01,2404.62,606.34,625.86,754.11,2167.94,780.80,1455.46,861.84,773.48,531.92,1360.30,2167.94,864.36,906.46,511.18
11-2016,6839.28,2914.38,2278.08,3433.50,2696.40,2619.54,2094.12,4789.26,2979.46,2386.44,488.88,622.44,763.72,2227.68,795.06,1462.86,884.50,779.94,578.34,1437.66,2184.84,897.89,945.00,521.64
12-2016,7444.74,3031.49,2184.40,3345.18,2552.70,2600.96,1963.42,4784.09,2916.90,2286.00,639.42,635.00,822.78,2211.07,863.60,1469.39,875.70,763.27,578.23,1452.88,2146.30,878.40,914.40,562.61
01-2017,6813.70,2801.12,2281.40,3364.76,2543.78,2586.40,1883.68,4892.20,2762.25,2337.52,585.60,758.84,937.72,2144.76,808.86,1472.54,911.86,803.98,567.30,1453.02,2056.92,882.50,929.64,585.60
02-2017,6141.25,3176.25,2536.25,3363.75,2568.75,2586.25,2088.75,5002.50,2838.94,2442.50,476.25,713.75,907.68,2122.50,841.25,1506.25,891.82,806.25,605.08,1428.75,2023.75,890.68,961.25,618.00
03-2017,7278.52,3264.72,2580.30,3425.76,2732.80,2806.66,2017.88,5044.70,3089.04,2393.64,686.86,638.06,900.00,2175.26,817.40,1539.64,920.00,838.14,644.16,1526.22,2158.18,910.98,952.82,567.30
04-2017,7266.42,3671.64,2678.76,3539.82,2811.06,2748.06,2039.94,5242.38,3216.78,2522.52,738.80,602.28,860.10,2299.50,869.40,1664.46,951.60,889.56,667.80,1569.96,2159.61,909.45,979.02,595.98
05-2017,7948.98,3757.77,3650.95,3774.54,2928.30,2712.87,2211.06,5335.44,3347.55,2636.76,793.35,496.65,852.00,2334.90,847.53,1660.23,963.90,922.35,713.37,1627.98,2220.09,938.53,993.30,577.92
06-2017,8058.15,3647.44,2724.15,4024.63,3166.11,2999.74,1996.44,5243.83,3404.87,2668.27,777.24,624.84,955.89,2524.76,787.40,1799.59,994.59,900.43,735.33,1714.04,2230.41,968.76,1009.65,562.61
07-2017,7178.85,4144.77,2707.71,6045.44,3842.91,2905.05,1931.13,5256.75,3461.07,2759.31,811.41,585.66,935.99,2672.88,910.74,1847.28,1065.53,973.95,695.31,1704.09,2284.10,1016.60,1034.58,617.91
08-2017,7991.10,4015.70,2839.20,4080.70,3900.00,2991.30,2064.40,5469.10,3671.20,2961.90,837.20,622.70,957.18,2646.80,911.30,1952.60,1162.29,1012.70,702.00,1810.90,2407.65,1075.44,1040.00,620.10
09-2017,8296.20,4213.44,2785.20,4308.48,4255.68,3152.16,2439.36,5604.72,3809.52,3090.12,681.12,927.96,960.70,2678.28,825.00,2051.28,1181.70,1102.28,736.56,1907.40,2519.02,1058.70,1028.28,648.12
10-2017,8123.64,4670.96,3313.03,4234.72,4234.72,3153.43,2932.65,5824.07,4011.28,3120.42,679.63,933.66,1032.24,2641.38,637.07,2197.16,1199.88,1177.79,892.43,1977.71,2585.94,1101.71,1034.74,674.31
11-2017,8038.16,4599.41,3240.94,4454.00,4482.82,3514.73,2998.59,5930.81,4173.66,3374.12,668.10,814.82,1300.74,2622.62,685.13,2272.85,1205.97,1099.09,865.91,2005.61,2464.26,1157.76,1152.80,660.24
12-2017,8436.64,4990.16,4103.08,4258.52,4250.48,3668.92,3230.74,6040.72,4227.70,3504.46,603.00,972.84,1268.08,2749.68,683.40,2165.44,1272.01,1151.03,861.62,1996.60,2653.69,1245.33,1283.72,801.32
01-2018,10170.88,5648.51,4729.24,4523.74,4473.05,3862.41,3293.48,6225.28,4267.55,3730.76,620.61,1052.16,1527.60,2864.67,854.88,2244.06,1376.18,1363.15,897.35,1989.24,2731.35,1384.44,1257.66,850.77
02-2018,11448.04,5611.43,4532.79,5129.10,4910.87,4671.79,3338.78,6520.49,4340.97,3810.80,631.06,1180.11,1559.06,2834.21,1021.65,2242.07,1431.65,1472.01,922.96,2147.55,2739.80,1426.60,1388.61,922.93
03-2018,12191.20,6503.00,7355.60,5537.00,5209.40,4863.60,3224.20,6694.80,4459.00,3929.14,712.60,1213.80,1729.16,2942.80,1391.60,2213.40,1480.35,1517.60,925.40,2139.20,2707.94,1493.84,1523.20,917.00
04-2018,13694.48,6057.72,4640.56,5458.45,5129.04,4852.14,3575.40,6681.10,4823.74,4188.80,,1043.70,1990.80,3136.78,1394.44,2345.84,1505.00,1421.42,938.62,2239.34,2881.84,1535.44,1557.74,903.12
05-2018,13843.44,6120.00,3882.80,5301.28,5129.92,4917.76,3610.80,7010.80,5168.08,4365.72,,1141.04,2103.02,3435.36,1569.44,2461.60,1560.58,1398.08,1070.32,2471.12,2982.84,1601.30,1617.38,941.12
06-2018,14252.24,6001.86,4233.06,6327.48,5244.76,4950.30,3458.54,7049.74,5432.04,4478.76,,1136.32,2116.16,3540.28,1469.98,2449.52,1644.24,1428.44,1185.90,2469.62,3649.88,1590.60,1657.92,1000.98
07-2018,12372.36,6375.60,5765.76,5966.40,5309.04,5047.68,3685.44,7058.04,5291.88,5007.36,,1172.16,1910.84,3549.48,1564.20,3156.12,1720.56,1535.16,1283.04,2541.08,3495.24,1771.52,1642.24,1023.00
08-2018,15966.72,6307.84,258.56,7577.60,5415.68,5143.04,3740.16,7374.05,5829.12,5170.57,509.44,1057.28,1943.04,4034.56,1701.12,2817.28,1765.80,1556.48,1347.84,2656.00,3615.60,1782.91,1568.21,1036.80
09-2018,16661.89,6396.73,7494.51,8393.04,5592.39,5243.93,3793.76,7571.80,6125.56,5179.68,2358.00,1161.97,1985.28,3834.37,1936.18,2981.56,2186.24,1615.23,1437.07,2692.02,3974.52,1822.92,1492.92,1141.01
10-2018,18094.56,6530.04,6846.84,8669.76,5529.48,5277.36,3784.44,7509.48,6108.96,4981.60,2376.00,1265.88,1951.98,3870.24,1836.76,2860.44,2284.64,1572.12,1391.28,2746.92,3727.10,1775.80,1543.10,978.12
11-2018,15563.60,6440.20,7459.40,7673.90,5189.60,5266.30,3575.00,7694.70,5896.80,4977.13,2252.90,1253.20,1867.80,3585.40,1589.50,2897.70,2311.32,1536.60,1333.80,2782.00,3924.38,1769.11,1516.38,949.00
12-2018,15429.23,6426.20,7580.63,7692.39,5100.32,5063.49,3629.66,7970.52,6040.12,4919.04,2200.91,1280.16,1836.90,3606.80,1760.22,2840.99,2125.50,1602.74,1299.21,2896.87,3777.28,1825.28,1557.76,922.02
01-2019,17281.28,6320.64,7566.08,7484.16,5236.48,5218.56,3553.28,7877.12,6013.44,5150.97,2108.16,1259.52,2156.46,3459.84,1771.52,3022.08,2359.66,1616.64,1324.80,2858.24,4348.59,1885.95,1711.83,956.16
02-2019,17832.96,6281.01,7582.62,8228.91,5425.74,5188.38,3575.88,7894.80,6074.61,5280.61,2003.37,1269.36,2094.08,3747.45,1577.67,3036.66,2222.08,1647.33,1400.94,2930.88,4841.35,1947.97,1646.67,989.43
03-2019,20036.45,6387.56,7595.38,8601.46,5453.53,5230.83,3998.12,7950.39,6130.80,5373.62,2073.73,1469.82,2181.39,3778.04,1671.56,3403.38,2538.72,1650.60,1510.43,3030.03,4167.11,1993.82,1747.54,991.67
04-2019,22483.53,6453.06,7456.52,8406.27,5648.72,5296.33,4307.28,8124.62,6274.90,5382.00,2270.23,1359.78,2136.61,3952.27,1642.71,3483.29,2698.60,1665.01,1539.25,3236.14,4266.60,2005.90,1693.90,981.19
05-2019,21584.40,6632.60,6737.90,8011.90,5690.10,5239.00,4085.90,7996.30,6128.20,5280.66,2252.90,1478.10,2215.21,4820.90,1740.80,3612.70,2758.86,1671.80,1570.40,3117.40,4843.68,2058.67,1844.04,1036.10
06-2019,19225.26,6643.37,6997.70,7777.48,5610.86,5194.30,4345.94,8020.05,6075.68,5056.38,2200.91,1581.15,2003.30,4235.45,1977.39,3815.08,2727.40,1648.46,1621.79,3168.62,3953.88,2096.64,1805.58,1022.35
07-2019,18676.98,6667.92,6778.92,7759.08,5700.24,5082.54,4339.44,7974.54,6088.32,5074.74,2183.58,1576.26,1924.05,4016.88,2140.74,3332.70,2711.45,1640.52,1561.14,3205.54,4093.43,2040.06,1856.14,1057.14
08-2019,14513.95,6686.46,6757.85,7506.84,5838.25,5123.14,4134.57,7920.66,6131.07,5185.68,,1714.57,2118.06,4313.65,2179.21,3761.89,2574.18,1660.12,1558.48,3796.98,4116.81,2075.01,1983.99,1023.63
09-2019,19911.24,6686.28,6873.24,8174.58,5458.13,5162.31,4182.00,7948.26,6199.20,5311.14,,1546.11,2102.98,4106.97,2051.64,3525.18,2549.47,1675.26,1565.79,3609.06,3937.00,2063.75,1971.04,1059.03
10-2019,18903.95,6922.77,6595.60,8393.43,5665.47,5236.59,4039.87,7867.62,6245.86,5432.19,,1780.54,2102.07,4274.82,1954.53,3529.33,5613.75,1708.15,1672.59,3300.09,4106.07,2057.55,2056.26,1117.60
11-2019,19913.73,6938.91,6150.72,8657.19,5683.74,5347.05,4075.11,7973.49,6466.77,5330.64,,1821.48,2011.68,4429.86,2011.11,3898.38,2519.68,1808.58,1713.12,3239.77,4032.56,2120.02,2105.39,1130.04
12-2019,19064.22,7095.55,6135.29,9086.56,5939.78,5446.35,4107.70,8090.39,6395.97,5382.00,,1810.13,1993.05,4462.15,2171.89,3914.19,2734.80,1802.15,1746.29,3299.82,4023.50,2152.80,2087.80,1130.50
01-2020,17058.60,7118.80,6156.80,8859.50,5857.80,5540.60,3994.90,8164.00,6346.60,5267.60,,1872.00,2020.27,4542.20,1877.20,3970.20,2685.27,1860.30,1679.60,3205.30,4192.50,2117.70,2147.60,1131.00
02-2020,17940.00,7442.50,7519.20,8802.30,5660.20,5354.70,4118.40,8136.70,6455.80,5393.92,1090.70,1710.80,1964.30,4629.30,1706.90,3741.40,2718.30,1948.70,1699.10,3205.80,4217.60,2075.72,2137.60,1142.70
03-2020,18815.05,7463.68,7886.08,8762.88,5728.00,5536.00,3998.88,8108.80,6410.24,5142.50,2442.24,1766.40,1992.90,4847.36,1656.32,3811.84,2844.40,2018.53,1719.04,3291.50,4143.75,2191.25,2155.00,1303.04
04-2020,18088.75,7337.50,3573.75,9047.50,5361.25,5258.75,3992.50,7882.50,6301.25,5186.91,836.25,1112.50,2321.92,4627.50,1343.75,3780.00,3031.04,1922.50,1723.75,3259.04,4281.63,2285.34,2163.57,1175.00
05-2020,14603.79,7003.62,6516.54,8783.43,5332.05,5474.73,3991.35,7843.71,6356.64,5265.00,939.72,1583.01,2073.75,4670.31,1381.29,3728.13,3040.08,1970.46,1708.47,3152.50,4407.50,2447.50,2345.00,1094.70
06-2020,17315.00,7468.75,7690.00,8783.75,5581.25,5882.50,4283.75,7818.75,6387.50,5303.34,,1798.75,2351.76,4597.50,1997.50,4043.75,3378.81,2045.00,1836.25,3127.68,4470.48,2475.90,2328.48,1141.25
07-2020,16358.58,7158.06,7604.10,9009.00,5793.48,6103.44,4246.20,7822.08,6451.20,5621.20,973.98,1641.78,2463.72,4689.64,1951.74,4000.50,3543.75,2017.26,1878.66,3341.25,4542.20,2427.10,2449.20,1232.28
08-2020,21318.70,7553.00,7640.10,9558.90,6013.80,6150.30,4405.70,8024.90,6749.60,5818.88,1813.50,1709.50,2606.94,5049.20,2165.80,4475.90,3872.10,2096.90,1870.70,3313.80,4532.48,2490.88,2616.32,1430.00
09-2020,17496.32,7650.56,7637.76,9062.40,6182.40,6154.24,4520.96,8060.90,6737.92,6083.64,1817.60,1966.08,3052.40,5011.50,1955.84,4550.40,3850.60,2170.88,1813.76,3432.00,4659.67,2737.90,2589.87,1382.40
10-2020,15801.22,7498.44,9707.10,8820.23,6498.91,6400.66,4080.65,8060.16,6781.87,6084.95,1908.67,1967.62,2976.00,5177.12,1633.57,4747.44,4025.60,2299.05,1782.91,3502.05,4831.28,2617.38,2698.60,1461.96
11-2020,23445.07,7641.23,7639.92,9518.46,6323.37,6066.61,4133.05,8221.56,6918.11,6233.04,1355.85,1716.10,2980.25,5017.30,1572.00,4884.61,4051.83,2983.86,1873.30,3530.45,4989.60,2808.96,2725.80,1516.95
12-2020,20429.64,7708.80,7031.64,8904.72,6610.56,6293.76,4152.72,8125.93,6998.64,6465.03,4029.96,1945.68,3106.01,5033.16,1502.16,4973.76,3956.20,2559.48,2028.84,3440.06,5086.55,2875.55,2756.44,1587.96
01-2021,21256.92,8193.97,8874.86,9392.72,6460.92,6367.76,4251.11,8234.16,7162.36,6458.40,4081.23,1656.33,3119.16,4932.00,2220.77,4970.36,4274.16,2715.34,2026.23,3320.76,5006.64,2775.18,2809.68,1767.30
02-2021,27286.74,9294.30,7686.60,9055.56,6637.80,6107.88,4340.10,8424.13,7322.28,6533.00,4828.22,1635.30,3207.17,5219.16,2386.02,4704.42,3826.41,2711.78,2029.98,3700.37,4785.55,2934.29,2868.96,1676.70
03-2021,27136.97,10839.22,8002.23,9420.03,6703.36,6425.97,4189.46,8316.42,7258.58,6216.90,3980.96,2148.94,3157.44,4915.04,2262.92,4828.86,3483.12,3128.89,2094.73,3990.96,4627.14,3085.64,2975.28,1559.58
04-2021,22816.92,9041.76,10795.74,9720.72,7307.10,6490.14,4853.46,8455.37,7119.42,6932.97,4083.38,2220.42,3682.11,4726.50,2645.46,4475.10,3910.07,3056.78,2154.18,4077.70,5269.17,3376.95,3357.21,1515.24
05-2021,26775.90,9823.47,12715.38,10019.46,7441.98,6667.89,5286.09,8601.54,7852.29,7430.70,6054.54,1950.03,3927.48,6088.38,2052.57,4227.73,3841.92,2927.16,2701.56,4308.36,6378.84,3682.92,3680.10,1514.34
06-2021,27272.22,11347.68,12750.63,11014.92,7697.19,7078.20,6404.22,8908.38,8606.64,6852.70,7867.80,,3881.73,6288.38,2460.45,5159.19,4156.68,3770.34,2901.78,5043.57,5708.73,3992.05,4104.67,4237.05
07-2021,27984.87,19885.34,12760.20,11623.18,7946.63,7233.56,6218.86,9094.50,8055.05,6894.48,8048.10,,4585.32,6250.53,2970.43,5369.57,4517.64,3926.75,3921.19,5380.56,5708.83,4048.80,4091.78,4334.02
08-2021,32850.90,20504.40,15404.94,11285.64,7986.06,7483.74,5698.02,8979.40,8669.16,7101.48,8280.00,,4824.69,6281.41,5099.10,5408.22,4478.58,5295.06,3527.28,5632.06,6865.50,4852.05,4072.14,4494.66
09-2021,27994.68,26277.96,15382.86,12186.78,8113.02,8034.36,5739.42,9241.86,9408.84,7560.24,9254.28,,6222.42,6699.90,5949.18,5239.86,4635.42,5751.84,3982.68,5642.82,6745.44,5382.85,4196.93,5156.82
10-2021,37604.00,26611.12,16945.60,12856.08,8582.96,10780.72,6398.80,9456.90,9348.64,8935.12,8777.44,,6375.60,6560.52,7745.20,5784.08,5172.24,6557.92,3938.56,8972.02,7824.08,5753.96,4320.16,5653.52
11-2021,39247.26,31322.50,20858.44,13040.88,8738.14,11733.04,8798.44,9743.04,10332.74,9665.11,844200,8349.54,8229.36,7167.20,8872.14,6302.02,5291.76,8991.40,4143.28,6231.52,8180.70,6720.49,4225.41,6216.26
12-2021,40126.10,32321.66,32672.78,16041.13,9747.57,12603.08,8835.19,9842.30,10626.70,9917.43,10268.93,11834.34,8408.46,7560.46,10389.96,6696.55,5463.18,9939.09,5294.73,6853.60,8284.57,6859.59,4366.19,7816.41
01-2022,46933.46,32626.55,32592.30,14768.60,11253.18,13024.59,7344.57,10870.09,10832.59,9824.64,11357.30,10960.00,11257.12,7815.82,13250.64,6478.73,5939.78,9854.41,7063.72,6862.55,8307.68,7486.80,5010.24,8195.34
02-2022,39634.48,30608.16,38560.08,14537.04,12913.20,12575.92,11149.28,11380.59,10678.72,9926.80,9351.36,10920.80,11157.28,8002.21,12986.64,7072.00,7972.03,9811.04,7194.40,7141.81,7522.46,7376.20,4816.50,8000.88
03-2022,39774.80,30274.40,31604.30,13991.90,11817.00,13153.40,10510.50,11630.72,10760.10,10470.83,9132.50,10662.60,10595.76,7807.80,12160.20,6739.20,7161.76,10012.60,7109.70,7348.08,7451.60,7477.48,5009.44,7868.90
04-2022,37984.76,31552.66,33935.55,14085.12,12515.74,12945.42,8737.70,11796.20,11674.72,11195.46,9456.89,10537.64,10098.40,8524.17,11171.68,7165.70,6698.90,9726.75,7195.83,7180.30,9001.01,7381.23,5226.96,8022.44
05-2022,43093.05,30408.06,31170.65,13993.71,12388.56,12745.26,8049.12,12276.01,11673.93,10955.34,8657.97,9464.85,10312.32,8302.50,11055.24,8794.50,7595.38,9461.16,7099.56,7469.62,8409.51,7019.21,5354.25,7753.92
06-2022,41934.97,29872.48,28882.70,13549.58,12014.09,12527.13,10579.03,12239.73,11694.62,10231.78,9502.13,9381.13,10694.85,8084.01,10892.42,8715.63,7395.99,9473.09,6952.66,7257.00,8270.35,6649.14,5458.68,7788.77
07-2022,34225.90,25622.52,29837.48,11895.58,10710.86,12454.90,9657.12,12344.42,11119.14,11231.78,10405.24,8757.96,10784.73,7621.62,10548.02,8087.72,7347.12,9068.30,7323.08,7348.33,7024.54,7021.63,5292.54,7497.72
08-2022,32751.07,31721.36,29075.09,14248.96,11035.20,12528.34,10280.16,12125.65,11014.63,11024.31,9600.14,8996.35,10462.42,7910.98,11012.21,8102.16,6414.48,9171.80,6934.51,6991.50,7577.02,6499.80,4785.60,7724.64
09-2022,36319.30,30009.25,28488.95,12589.05,11804.75,12114.10,12227.95,12280.29,10551.25,10371.85,8949.30,8722.75,10755.69,7562.48,10912.35,8269.65,6987.75,9004.50,6722.90,7123.27,7752.15,5453.38,4712.10,7558.95
10-2022,40588.47,30007.15,28145.48,12219.82,11235.59,11773.47,10437.81,12372.85,10385.83,9799.36,9719.13,8523.59,10550.10,7424.10,10475.49,7652.36,6956.35,8824.17,6264.72,6833.30,7586.82,6370.82,5415.02,4150.64
11-2022,41405.02,60746.08,28589.04,12772.32,12386.46,12172.88,10426.48,12237.90,10900.84,9979.26,9319.64,8936.14,9538.33,7832.84,10832.40,7628.70,7334.83,8995.14,6600.92,6415.01,7557.90,6792.72,7106.44,7392.70
12-2022,42784.96,29727.76,27751.48,12958.64,12938.16,12459.52,10890.92,12642.52,11319.96,10933.08,9044.56,8666.36,9587.50,8812.68,10652.84,8102.16,7456.42,9054.45,7489.60,6721.28,7798.36,6483.05,7154.08,7526.80
01-2023,40994.44,28666.34,24969.74,11964.54,13069.86,12596.50,11442.38,12728.60,11167.88,10912.90,8780.34,8988.96,10208.92,8005.64,10335.84,8037.36,7647.05,8715.68,6928.38,6890.68,7888.52,6512.22,7214.02,7542.04
02-2023,36908.63,28088.94,24277.44,11658.35,13245.87,12227.05,11140.47,12196.34,10749.64,10618.96,9456.15,8793.07,9758.78,7953.33,10082.93,8073.12,7982.46,8779.76,7677.45,6878.36,7575.23,6871.04,7504.22,7235.80
03-2023,41933.84,29127.50,24181.62,14225.20,14550.94,12104.84,11610.74,12287.55,11293.04,11141.04,9777.05,8904.78,10193.04,8548.54,10050.36,8346.02,8094.90,8835.24,7671.36,6905.47,8089.82,6902.50,8042.50,7105.28
04-2023,38450.00,29608.75,23905.00,14176.25,14632.50,12413.75,11495.00,12800.24,11551.25,11050.00,9365.00,7990.00,9708.76,8967.50,10295.00,8343.75,8348.46,8535.00,7941.25,7177.26,8142.50,6460.40,7733.88,7201.25
05-2023,46591.76,29554.16,22228.24,14148.40,14512.96,12633.12,11494.80,13091.25,11226.96,11091.80,8667.60,8192.44,10066.25,8578.32,9776.16,8303.04,8187.50,8728.36,7898.80,7190.00,8041.48,6398.28,6935.04,6867.12
06-2023,38538.38,29882.16,21403.62,14592.06,13752.90,13019.58,11895.66,13136.56,11487.42,10701.18,8583.12,6810.30,9858.00,8780.94,9763.74,8179.92,7845.48,8458.38,7355.85,7048.16,7743.96,6160.93,6983.61,6787.62
07-2023,46840.36,27284.68,21921.54,14366.77,13331.87,13120.96,11790.00,12702.06,11678.65,10867.76,8597.53,7434.25,9742.32,9121.53,9331.13,8452.12,8217.72,8308.02,7613.72,6991.74,7968.73,6107.43,6591.30,7000.64
08-2023,43921.68,25181.56,21167.09,13458.19,13841.73,12872.72,11278.87,12984.72,11572.24,10718.80,8702.04,7839.71,9819.76,9321.63,9142.73,8076.66,8542.51,8157.21,7465.06,7202.38,8093.71,6227.28,6183.88,6808.47
09-2023,47056.76,27278.76,20812.16,13693.32,13172.52,12584.76,10754.52,12636.50,11682.04,10840.08,8557.24,6911.76,9782.81,8792.84,8749.44,7430.08,8449.31,8119.52,7789.68,6991.35,8072.40,6411.79,6137.12,6459.16
10-2023,48841.65,26237.64,20406.65,14291.31,12702.58,13190.21,10908.15,12458.28,11359.48,10379.38,7658.09,6756.64,9607.52,8961.26,8807.59,6863.12,7719.00,7897.67,7675.03,6971.28,8281.24,6768.69,6180.75,6285.95
11-2023,46471.86,26318.31,20196.60,13402.08,12292.62,13173.30,10815.39,12229.47,11420.52,10211.46,9072.48,6534.99,9469.46,9089.70,8815.41,6692.43,7647.20,8017.14,7963.02,6981.70,7979.49,6725.88,6346.62,6218.88
12-2023,46803.96,24055.92,19484.64,14219.10,12102.30,13277.88,10964.52,12237.27,11494.98,10383.66,9397.08,6606.18,9386.13,9169.02,8933.40,7489.44,7766.22,7985.40,7781.76,6822.81,7517.26,6536.69,6687.82,6142.50
01-2024,46051.47,23921.72,19752.31,13435.33,12245.34,12819.38,10920.73,12199.32,11470.64,10226.04,9206.23,6572.25,9216.90,8831.58,8914.13,7932.42,7877.52,7954.01,8022.59,7084.34,7385.05,6298.74,6403.32,6064.25
02-2024,44292.78,24047.10,19314.54,12966.66,11641.14,12432.42,10338.30,12080.24,11070.36,10110.24,9298.80,6613.74,9253.22,8682.66,8405.46,7392.42,7941.31,7796.88,7751.76,7081.52,7297.92,6310.40,6659.84,6056.82
03-2024,46490.88,24865.28,21041.92,12620.80,11793.92,12625.92,10590.72,11718.00,11656.96,10385.92,9984.00,7157.76,9175.32,8983.04,8431.36,7927.04,7786.80,8044.80,7342.80,6826.68,7119.36,6295.00,6421.25,5971.20
04-2024,51998.75,25478.75,20340.00,13570.00,11417.50,12235.00,10702.50,12202.24,11382.50,10232.50,9995.00,7287.50,8608.08,9072.50,8638.75,7861.25,7932.16,7766.25,7280.00,6976.00,7417.50,6305.04,6422.22,5868.72
05-2024,44915.22,24804.36,20480.04,12816.72,11740.68,12480.30,10809.54,11650.00,11229.12,9960.30,10446.66,7402.50,8388.75,8827.56,8472.24,7856.10,7762.50,7462.98,7158.06,6897.50,7149.24,6298.88,6570.24,6150.06
06-2024,44172.80,24944.64,20010.24,12968.88,11732.48,11627.52,10922.24,11757.06,11217.92,10257.92,10086.40,8622.08,8368.92,8678.40,8412.16,7920.64,7993.44,7508.45,7312.64,6713.28,7379.20,6241.30,6509.10,6080.00
07-2024,39621.40,24399.70,199961.50,13092.30,11869.00,11521.90,10917.40,11377.92,11104.60,10338.90,10247.90,8364.20,8590.08,8815.30,8434.40,8178.30,7971.84,7790.90,7284.80,6602.24,7377.50,6243.27,6468.06,5751.20
08-2024,49681.77,23214.87,20015.64,13494.69,11842.20,11635.80,11213.97,11403.60,11087.55,10138.11,10375.47,8759.10,8239.40,8662.35,8454.66,8026.38,7875.40,7768.38,7700.01,6422.00,7036.95,6242.15,6276.21,5704.38
09-2024,42805.18,23095.30,22618.46,13933.16,12445.00,11772.97,11472.98,11530.02,10554.67,9797.49,11070.81,8639.45,8446.92,0563.47,8729.84,8311.95,7857.39,7624.20,7245.61,6384.21,7083.17,6052.20,6217.26,5836.05
10-2024,37830.18,23371.71,22152.10,13469.42,12269.46,11810.93,11921.00,11467.74,10662.09,9342.92,11178.81,8471.77,8473.08,8317.19,8666.96,8082.70,7836.42,7586.21,7160.43,6464.85,6925.97,6109.97,6027.42,5630.38
11-2024,36790.63,22866.35,23002.24,13182.60,11462.22,11079.48,11607.80,11062.97,10379.71,9362.44,10237.47,8347.71,8251.19,8102.60,7923.53,7689.85,7485.36,7329.17,6691.63,6481.88,6675.12,6122.34,5990.04,5769.61